,Week_Number,AVAILABLE_RATE
0,35,91.32
1,36,95.28500000000001
2,37,90.551
3,38,94.16
4,39,98.05999999999997
